class,total_count,project_count
AD-T-BAR SUPPLY,745,22
AD-SURF SUPPLY,582,30
AD-T-BAR RETURN,522,20
AD-SURF RETURN,402,28
AD-LINEAR PLENUM,130,7
LOUVER,107,5
EXHAUST FAN,75,14
FANS,72,13
AD-LINEAR PLENUM 1 SLOT,68,1
LOUVERS,59,6
AD-LINEAR SLOT DIFFUSER,57,7
FIRE SMOKE DAMPER,50,7
AD-LINEAR SLOT DIFFUSER 1 SLOT,39,1
WALL CAP,25,2
UNIT,25,1
OUTSIDE AIR FAN-COMMON AREA,24,1
"AD-LINEAR PLENUM 2"" SLOT",22,1
FD/FSD,20,1
"AD-LINEAR SLOT DIFFUSER 2"" SLOT",15,1
"AD-LINEAR PLENUM 2-1"" SLOT",15,2
TRANSFER FAN,14,1
ELECTRIC HEATERS,14,1
EXHAUST FAN-COMMON AREA,14,1
MOTORIZED DAMPER,13,4
EXHAUST FAN-JANITOR/RESTROOM,13,1
VARIABLE VOLUME BOX,11,1
OPPOSED BLADE DAMPER,11,1
GRAVITY VENTILATOR,10,1
GOOSENECK,7,1
"AD-LINEAR SLOT DIFFUSER 1-2"" SLOT",6,1
"AD-LINEAR PLENUM 1-2"" SLOT",6,1
AIR CURTAIN,4,1
"AD-LINEAR SLOT DIFFUSER 2-1"" SLOT",4,2
HVLS FAN,4,1
SUPPLY FAN,4,2
DAMPERS,4,1
Cloud,3,2
ELECTRONIC REMOTE DAMPER,3,1
AIR CURTAIN-AMBIENT,2,1
HOOD,2,1
BACKDRAFT DAMPER,2,1
VENT CAP,2,2
AD-LINEAR SLOT DIFFUSER 2 SLOT,2,1
ROOF CAP,2,1
EXHAUST FANS,2,1
HVLS CEILING FANS,2,1
FOG FAN,1,1
ELECTRIC CABINATE UNIT HEATER,1,1
GAS UNIT HEATER,1,1
KITCHEN EXHAUST FAN,1,1
