project,status,team_total,our_total,our_tagged_pct_of_team,product_recall,product_precision,tag_recall,tag_precision,schedule_tags_found,runtime_s,error
5.12.26 Crunch Fitness - Visalia,ok,124,148,0.0,0.0,0.0,0.0,0.0,0,470.3,
5.12.26 Dick's House Of Sports,ok,115,73,0.0,0.0,0.0,0.0,0.0,57,464.7,
5.12.26 Golf Galaxy - Rancho Temecula Town Center,ok,60,80,0.06666666666666667,0.06666666666666667,0.05,0.0,0.0,7,473.9,
5.12.26 Rivian - Santa Ana,ok,76,125,0.013157894736842105,0.013157894736842105,0.008,0.013157894736842105,0.008,8,466.5,
5.12.26 Sephora - Third Street Promenade,ok,69,35,0.0,0.0,0.0,0.0,0.0,16,457.8,
5.13.26 T&T Supermarket - The Canopy At Great Park,ok,157,87,0.012738853503184714,0.012738853503184714,0.022988505747126436,0.0,0.0,3,457.5,
5.14.26 Emanate Health - Baldwin Park Medical Office,ok,65,65,0.0,0.0,0.0,0.0,0.0,4,461.9,
5.14.26 Tesla - Next Gen Refresh,ok,61,1,0.0,0.0,0.0,0.0,0.0,17,456.1,
5.15.26 Five Below - Orange,ok,37,8,0.02702702702702703,0.02702702702702703,0.125,0.0,0.0,0,63.3,
5.16.26 CURO Pet Care - MASH,ok,534,530,0.0056179775280898875,0.0056179775280898875,0.005660377358490566,0.0,0.0,132,528.5,
5.19.26 AutoZone Store No. 10808,ok,82,84,0.0,0.0,0.0,0.0,0.0,0,172.1,
5.19.26 Nike - Cabazon,no_detections,50,0,0.0,,,,,30,110.8,
