project,picked_pdf,size_mb,n_pdfs_in_project,all_pdfs
01_Flex_200_Corridors,3.11.26 EAG - 9530 Towne Center Drive (Flex 200 + Corridors) - Final.pdf,2.6,2,3.11.26 EAG - 9530 Towne Center Drive (Flex 200 + Corridors) - Final.pdf | 3.11.26 EAG - 9530 Towne Center Drive (Flex 200 + Corridors).pdf
02_Flex_210,3.11.26 EAG - 9530 Towne Center Drive (Flex 210) - Final.pdf,2.5,2,3.11.26 EAG - 9530 Towne Center Drive (Flex 210) - Final.pdf | 3.11.26 EAG - 9530 Towne Center Drive (Flex 210).pdf
03_Flex_220,3.11.26 EAG - 9530 Towne Center Drive (Flex 220)- Final.pdf,2.6,2,3.11.26 EAG - 9530 Towne Center Drive (Flex 220)- Final.pdf | 3.11.26 EAG - 9530 Towne Center Drive (Flex 220).pdf
04_Flex_230,3.11.26 EAG - 9530 Towne Center Drive (Flex 230) - Final.pdf,2.6,3,3.11.26 EAG - 9530 Towne Center Drive (Flex 230) - Final.pdf | 3.11.26 EAG - 9530 Towne Center Drive (Flex 230).pdf | 3.11.26 EAG - 9530 Towne Center Drive (Flex 230)_annotated.pdf
05_Basin_Electric,BGS-MV-000-0302.pdf,7.8,78,SCHEDULE_Basin Electric Power Cooperative Bison Station Power Plant.pdf | TAKEOFF_Basin Electric Power Cooperative Bison Station Power Plant.pdf | BGS-MV-000-0001.pdf | BGS-MV-000-0100.pdf | BGS-MV-000-0107.pdf | BGS-MV-000-0120.pdf | BGS-MV-000-0127.pdf | BGS-MV-000-0302.pdf | BGS-MV-000-0405.pdf | BGS-MV-000-0501.pdf | BGS-MV-000-0502.pdf | BGS-MV-000-0503.pdf | BGS-MV-000-0504.pdf | BGS-MV-000-0505.pdf | BGS-MV-000-0506.pdf | BGS-MV-000-0507.pdf | BGS-MV-000-0508.pdf | BGS-MV-000-0509.pdf | BGS-MV-000-0601.pdf | BGS-MV-000-0602.pdf | BGS-MV-000-0603.pdf | BGS-MV-000-0604.pdf | BGS-MV-000-0605.pdf | BGS-MV-000-0606.pdf | BGS-MV-000-0607.pdf | BGS-MV-000-0608.pdf | BGS-MV-000-0609.pdf | BGS-MV-000-0610.pdf | BGS-MV-000-0611.pdf | BGS-MV-000-0700.pdf | BGS-MV-000-0701.pdf | BGS-MV-000-0702.pdf | BGS-MV-000-0703.pdf | BGS-MV-000-0704.pdf | BGS-MV-000-0705.pdf | BGS-MV-000-0706.pdf | BGS-MV-030-0101.pdf | BGS-MV-030-0102.pdf | BGS-MV-030-0121.pdf | BGS-MV-030-0122.pdf | BGS-MV-030-0401.pdf | BGS-MV-030-0402.pdf | BGS-MV-030-0403.pdf | BGS-MV-030-0404.pdf | BGS-MV-060-0103.pdf | BGS-MV-060-0123.pdf | BGS-MV-0VA-0701.pdf | BGS-MV-0VA-0702.pdf | BGS-MV-0VB-0701.pdf | BGS-MV-0VF-0702.pdf | BGS-MV-0VJ-0701.pdf | BGS-MV-0VL-0701.pdf | BGS-MV-0VL-0702.pdf | BGS-MV-0VN-0701.pdf | BGS-MV-0VP-0701.pdf | BGS-MV-0VP-0702.pdf | BGS-MV-0VP-0703.pdf | BGS-MV-0VU-0701.pdf | BGS-MV-0VW-0701.pdf | BGS-MV-0VW-0702.pdf | BGS-MV-0VW-0703.pdf | BGS-MV-0VX-0701.pdf | BGS-MV-110-0106.pdf | BGS-MV-110-0126.pdf | BGS-MV-120-0105.pdf | BGS-MV-120-0125.pdf | BGS-MV-130-0111.pdf | BGS-MV-150-0104.pdf | BGS-MV-150-0114.pdf | BGS-MV-150-0124.pdf | BGS-MV-210-0110.pdf | BGS-MV-210-0130.pdf | BGS-MV-220-0109.pdf | BGS-MV-220-0129.pdf | BGS-MV-230-0112.pdf | BGS-MV-250-0108.pdf | BGS-MV-250-0118.pdf | BGS-MV-250-0128.pdf
06_Capitol_Complex,2025156 Capitol Complex Mechanical Upgrades Phase 2 Drawings.pdf,3.0,3,Schedule_Capitol Complex Mechanical Upgrades Phase 2 Drawings.pdf | Takeoff_Capitol Complex Mechanical Upgrades Phase 2 Drawings.pdf | 2025156 Capitol Complex Mechanical Upgrades Phase 2 Drawings.pdf
07_Dickinson_Museum,Dickinson Museum - Final Drawings 02.11.26.pdf,47.3,3,Schedule_Dickinson Museum - Final Drawings 02.11.26.pdf | Takeoff_Dickinson Museum - Final Drawings 02.11.26.pdf | Dickinson Museum - Final Drawings 02.11.26.pdf
08_Fort_Totten,035---M301 FIRST FLOOR VENTILATION PLAN.pdf,1.0,9,Schedule_Fort Totten Gymnasium Restoration Phase.pdf | Takeoff_Fort Totten Gymnasium Restoration Phase.pdf | 029---PM01 MECHANICAL SYMBOLS & LEGEND SHEET.pdf | 030---P200 UNDERGROUND PLUMBING PLAN.pdf | 034---M201 FIRST FLOOR GAS & CONDENSATE PIPING PLAN.pdf | 035---M301 FIRST FLOOR VENTILATION PLAN.pdf | 036---M302 MEZZANINE & HIGH CEILING VENTILATION PLAN.pdf | 037---M601 MECHANICAL DETAILS.pdf | 038---M801 MECHANICAL SCHEDULES & SEQ OF OPERATIONS.pdf
09_Acadiana_High,Acadiana_HS_New_Addition_100%_CMAR_Submittal_1.16.2026.pdf,105.0,4,Schedule-Acadiana_HS_New_Addition_100%_CMAR_Submittal_1.16.2026.pdf | Takeoff-Acadiana_HS_New_Addition_100%_CMAR_Submittal_1.16.2026.pdf | Acadiana_High_School_New_Addition_Specifications.pdf | Acadiana_HS_New_Addition_100%_CMAR_Submittal_1.16.2026.pdf
100_10-11-2025-Greenhouse_ASC,Greenhouse Mechanical Set 14.pdf,23.6,2,TAKEOFF_Greenhouse Mechanical Set 14.pdf | Greenhouse Mechanical Set 14.pdf
101_11-11-2025_United,MECHANICAL.pdf,1.1,3,TAKEOFF_United.pdf | MECHANICAL.pdf | MECHANICAL_annotated.pdf
102_11-11-2025-CCISD_Multi_Campus_Priority_Repairs,CCISD Multi Campus Priority Repairs.pdf,1.4,2,Takeoff_CCISD Multi Campus Priority Repairs.pdf | CCISD Multi Campus Priority Repairs.pdf
103_05-12-2025_Quest_Houston_Lab_Renovation,Quest Houston Lab Renovation.pdf,32.4,2,TAKEOFF_Quest Houston Lab Renovation.pdf | Quest Houston Lab Renovation.pdf
104_06-12-2025_Second_Baptist_Church_Cypress_Campus_-_,Mech Second Baptist Church Cypress Campus - Family Issue for Bid.pdf,13.4,2,Takeoff_Mech Second Baptist Church Cypress Campus - Family Issue for Bid.pdf | Mech Second Baptist Church Cypress Campus - Family Issue for Bid.pdf
105_09-12-2025_Alegre_Storage,Plaza Alegre - Mech dwgs.pdf,2.8,2,TAKEOFF_Plaza Alegre - Mech dwgs.pdf | Plaza Alegre - Mech dwgs.pdf
106_10-12-2025_League_City_Parkway_Storage,"League City Parkway Storage - League City, TX.pdf",3.4,2,"Takeoff_League City Parkway Storage - League City, TX[1].pdf | League City Parkway Storage - League City, TX.pdf"
107_16-12-2025_Garages_of_Texas,"Garage of Texas Phase - Allen, TX.pdf",3.9,2,"Takeoff_Garage_of_Texas_Phase_-_Allen_TX.pdf | Garage of Texas Phase - Allen, TX.pdf"
108_16-12-2025_HM_Smith_PO_Medicine_Suite_1001,HM Smith PO Medicine Suite 1001.pdf,3.4,2,Takeoff_HM Smith PO Medicine Suite 1001.pdf | HM Smith PO Medicine Suite 1001.pdf
109_16-12-2025_HM_TW_MOB1_-_PO_GME_-_SUITE_640,10 - HM TW MOB1 - PO GME - Suite 640 - Issue For Construction.pdf,20.2,2,Takeoff_HM TW MOB1 - PO GME - SUITE 640.pdf | 10 - HM TW MOB1 - PO GME - Suite 640 - Issue For Construction.pdf
10_Gonzales_Middle,Gonzales Middle Renovations Combined Drawings.pdf,57.0,4,SCHEDULE_Gonzales Middle Renovations Combined Drawings.pdf | TAKEOFF_Gonzales Middle Renovations Combined Drawings.pdf | DIVISION 23 25.12.17 60 CD SET.pdf | Gonzales Middle Renovations Combined Drawings.pdf
110_16-12-2025_PO_Medicine_-_Suite_1101,11_-_HM_Smith_-_PO_Medicine_-_Suite_1101_-_Issue_For_Construction.pdf,19.4,2,Takeoff_PO Medicine - Suite 1101.pdf | 11_-_HM_Smith_-_PO_Medicine_-_Suite_1101_-_Issue_For_Construction.pdf
111_18-12-2025_110525_Roots_Church_Arch_MEP,Mech 110525 Roots Church Arch MEP Civil Drawings to Steven Adair.pdf,3.2,2,Takeoff_Roots Church Arch MEP.pdf | Mech 110525 Roots Church Arch MEP Civil Drawings to Steven Adair.pdf
112_12-05-2025_LaCrosse_New_Elementary,LaCrosse New Elementary.pdf,13.6,2,Takeoff-LaCrosse New Elementary.pdf | LaCrosse New Elementary.pdf
113_Eide_Ford_Renovation_and_Addition_12-16-25,0496008 Bid Set 12-1-25 1.pdf,2.1,2,Takeoff- 0496008 Bid Set 12-1-25 1.pdf | 0496008 Bid Set 12-1-25 1.pdf
114_Grand_Forks_Childrens_Museum_BP2_12-19-25,GFCM_100__Construction_Documents_Drawings.pdf,97.1,2,TAKEOFF_GFCM_100__Construction_Documents_Drawings.pdf | GFCM_100__Construction_Documents_Drawings.pdf
115_Great_Plains_Food_Bank_Regional_Service_Center_12-,GREAT PLAINS FOOD BLANK REGIONAL SERVICE CENTER.pdf,21.5,2,TAKEOFF_GREAT PLAINS FOOD BLANK REGIONAL SERVICE CENTER.pdf | GREAT PLAINS FOOD BLANK REGIONAL SERVICE CENTER.pdf
116_Station_Bank_Mandan_Remodel_12-15-25,2527-Starion-Bank-Mandan-Remodel-Drawings-12-2-25.pdf,17.3,2,Takeoff-Mech-2527-Starion-Bank-Mandan-Remodel-Drawings-12-2-25.pdf | 2527-Starion-Bank-Mandan-Remodel-Drawings-12-2-25.pdf
117_Tioga_Volunteer_Fire_and_Ambulance_Dept_Addition_1,Tioga Volunteer Fire and Ambulance Dept.pdf,2.3,2,Takeoff-Tioga Volunteer Fire and Ambulance Dept.pdf | Tioga Volunteer Fire and Ambulance Dept.pdf
118_FILES_FOR_IT_TEAM_8,(no PDF found),0,0,
119_Alliance_Medical,24-012.00_Alliance MOB_Conformance Set_Combined (1).pdf,2.0,2,TAKEOFF_Alliance MOB_Conformance Set_Combined (1).pdf | 24-012.00_Alliance MOB_Conformance Set_Combined (1).pdf
11_LUS_Admin,Lus Administration Building Hvac Replacement ACS #9-17 specs.pdf,17.6,4,Schedule-Lus Administration Building Hvac Replacement ACS #9-17 drawings.pdf | Takeoff-Lus Administration Building Hvac Replacement ACS #9-17 drawings.pdf | Lus Administration Building Hvac Replacement ACS #9-17 drawings.pdf | Lus Administration Building Hvac Replacement ACS #9-17 specs.pdf
120_Copper_Ranch,A0.2B_ UNIT & BUILDING AREA TABULATIONS Rev.0.pdf,0.7,2,Takeoff_Copper Ranch.pdf | A0.2B_ UNIT & BUILDING AREA TABULATIONS Rev.0.pdf
121_Define_Living_Park_Apt,Houston - Define Living Apt - Mech FP - Marked.pdf,15.3,2,Takeoff_Define Living Apt.pdf | Houston - Define Living Apt - Mech FP - Marked.pdf
122_Elyson_Apartments,"Elyson Apartments - Katy, TX.pdf",11.9,2,"TAKEOFF_Elyson Apartments - Katy, TX.pdf | Elyson Apartments - Katy, TX.pdf"
123_Greenville_-_Hunt_County_Municipal_Complex,Greenvill - Hunt County Municipal Complex - Mech FP.pdf,2.9,2,TAKEOFF_Greenvill - Hunt County Municipal Complex - Mech FP.pdf | Greenvill - Hunt County Municipal Complex - Mech FP.pdf
124_Hampton_Inn_-_Ft_Worth,Ft. Worth - Hampton Inn - Mech FP.pdf,19.8,2,Takeoff_Hampton Inn Ft. Worth.pdf | Ft. Worth - Hampton Inn - Mech FP.pdf
125_Hartwood_at_Windstone,Houston - Hartwood at Windstone Apt - Mech FP - Marked.pdf,5.6,2,Takeoff_Hartwood at Windstone Apt.pdf | Houston - Hartwood at Windstone Apt - Mech FP - Marked.pdf
126_Harvest_Ridge,_MECH DD 111025.pdf,7.4,3,TAKEOFF_MECH DD 111025.pdf | _MECH DD 111025.pdf | Matrix.pdf
127_Holiday_Inn_-_Bedford,Bedford - Holiday Inn - Mech FP.pdf,12.7,2,Takeoff_Bedford - Holiday Inn - Mech FP.pdf | Bedford - Holiday Inn - Mech FP.pdf
128_Oak_Hill_Apt_-_Tyler,Tyler - Oak Hill Apt - Mech (Marked).pdf,6.4,2,Takeoff_Tyler-Oak Hill Apt.pdf | Tyler - Oak Hill Apt - Mech (Marked).pdf
129_Residence_Inn_-_El_Paso,El Paso - Residence Inn - MECH FP.pdf,10.0,2,Takeoff_El Paso - Residence Inn.pdf | El Paso - Residence Inn - MECH FP.pdf
12_Grand_Calilou,251217 - OTB Drawings - 2022.01-GCEHI.pdf,44.3,4,SCHEDULE_251217 - OTB Drawings - 2022.01-GCEHI.pdf | TAKEOFF_251217 - OTB Drawings - 2022.01-GCEHI.pdf | 251217 - OTB Drawings - 2022.01-GCEHI.pdf | 251217 - OTB Project Manual - 2022.01-GCEHI.pdf
13_STEM_Field_House,Combined Set - STEM Field House.pdf,13.1,4,SCHEDULE_Combined Set - STEM Field House.pdf | TAKEOFF_Combined Set - STEM Field House.pdf | 25015 - PCPSB STEM Academy Field House_Combined BD Specs.pdf | Combined Set - STEM Field House.pdf
14_Burlington_Buena_Park,Takeoff_Burlington - Buena Park Marketplace.pdf,4.2,1,Takeoff_Burlington - Buena Park Marketplace.pdf
15_Hope_Chapel,Takeoff_Hope Chapel Remodel.pdf,1.3,1,Takeoff_Hope Chapel Remodel.pdf
16_Perch_Restaurant,Takeoff_Oak View Group - Perch Restaurant.pdf,6.4,1,Takeoff_Oak View Group - Perch Restaurant.pdf
17_Optum_Pharmacy,Takeoff_Optum - Pharmacy Reno - 502 Torrance Blvd.pdf,1.8,1,Takeoff_Optum - Pharmacy Reno - 502 Torrance Blvd.pdf
18_Planet_Fitness,Takeoff_Planet Fitness - La Crescenta.pdf,4.0,1,Takeoff_Planet Fitness - La Crescenta.pdf
19_Vista_Murrieta,Takeoff_Vista Murrieta Apartments.pdf,37.0,1,Takeoff_Vista Murrieta Apartments.pdf
20_Aritzia_Americana,1.19.26 Aritzia - Americana At Brand.pdf,13.0,2,Takeoff_Aritzia - Americana At Brand.pdf | 1.19.26 Aritzia - Americana At Brand.pdf
21_Yucaipa_Meadows_BldgA,1.6.26 Yucaipa Meadows - 13699 3rd Street (Bldg A).pdf,1.4,2,Takeoff_ Yucaipa Meadows - 13699 3rd Street (Bldg A).pdf | 1.6.26 Yucaipa Meadows - 13699 3rd Street (Bldg A).pdf
22_Yucaipa_Meadows_BldgB,1.6.26 Yucaipa Meadows - 13699 3rd Street (Bldg B).pdf,6.5,2,Takeoff_Yucaipa Meadows - 13699 3rd Street (Bldg B).pdf | 1.6.26 Yucaipa Meadows - 13699 3rd Street (Bldg B).pdf
23_Shamrock_Capital,1.7.26 Shamrock Capital TI.pdf,5.9,2,Takeoff_Shamrock Capital TI.pdf | 1.7.26 Shamrock Capital TI.pdf
24_Mission_Bay_Health,1.8.26 Mission Bay - Family Health Center TI.pdf,9.8,3,Takeoff_Mission Bay - Family Health Center TI.pdf | 1.8.26 Mission Bay - Family Health Center TI (specs).pdf | 1.8.26 Mission Bay - Family Health Center TI.pdf
25_ARE_Campus_Point,1.12.26 ARE Campus Point PS1.pdf,4.3,2,Takeoff_ARE Campus Point PS1.pdf | 1.12.26 ARE Campus Point PS1.pdf
26_Larchmont,11.19.25 531 N. Larchmont Blvd.pdf,3.1,2,Takeoff_11.19.25 531 N. Larchmont Blvd.pdf | 11.19.25 531 N. Larchmont Blvd.pdf
27_Sheraton_Hotel,2026-0323 Sheraton Crown Center-PRICING ISSUANCE.pdf,42.1,3,Takeoff_Sheraton Crown Center-PRICING ISSUANCE.pdf | 2026-0323 Sheraton Crown Center-PRICING ISSUANCE.pdf | Working_Sheraton Crown Center-PRICING ISSUANCE.pdf
28_St_Elizabeth,3-24090 St Elizabeth Gathering Center FULL PLANS 26-0316.pdf,93.3,4,Schedule_St Elizabeth Gathering Center FULL PLANS 26-0316.pdf | Takeoff_St Elizabeth Gathering Center FULL PLANS 26-0316.pdf | 3-24090 St Elizabeth Gathering Center FULL PLANS 26-0316.pdf | Working_St Elizabeth Gathering Center FULL PLANS 26-0316.pdf
29_St_Wenteslaus_Cain_Hall,5563-00_Cain Hall Renovation_Final Drawings_with Addendum 1.pdf,42.7,4,SCHEDULE_Cain Hall Renovation.pdf | TAKEOFF_Cain Hall Renovation.pdf | 5563-00_Cain Hall Renovation_Final Drawings_with Addendum 1.pdf | Working_Cain Hall Renovation_Final Drawings_with Addendum 1.pdf
30_Mygrant_Glass,Mygrant Glass- 95% CD 2026-03-23.pdf,100.0,6,Schedule_Mygrant Glass.pdf | Takeoff_Mygrant Glass.pdf | Mygrant Glass- 95% CD 2026-03-23.pdf | Working_Mygrant Glass- 95% CD 2026-03-23.pdf | Working_Mygrant Glass- 95% CD 2026-03-231.pdf | Working_Mygrant Glass- 95% CD 2026-03-23_annotated.pdf
31_iThink_Fitness,iThink Fitness Mech Pages.pdf,6.0,3,Schedule_iThink Fitness.pdf | Takeoff_iThink Fitness.pdf | iThink Fitness Mech Pages.pdf
32_Intermountain_Electric,Intermountain Electric Planset.pdf,17.2,3,Schedule_Intermountain Electric Planset.pdf | Takeoff_Intermountain Electric Planset.pdf | Intermountain Electric Planset.pdf
33_Hive_Apartments,MSheets - The Hive on 11th.pdf,5.9,3,Takeoff_The Hive on 11th Apartments.pdf | MSheets - The Hive on 11th.pdf | MSheets - The Hive on 11th_annotated.pdf
34_doTERRA_TI,doTERRA TI - Combined Set.pdf,33.2,3,Takeoff_DoTerra TI.pdf | doTERRA TI - Combined Set.pdf | MSheets - DoTerra TI.pdf
35_Columbia_Bank,M Pages.pdf,4.3,3,Schedule_Columbia Bank Sugarhouse.pdf | Takeoff_Columbia Bank Sugarhouse.pdf | M Pages.pdf
36_Aaron_Packaging,MECH Pages from 24-086 Aaron Packaging_Progress Set 2026-02-17.pdf,7.8,2,Takeoff_Aaron Packaging.pdf | MECH Pages from 24-086 Aaron Packaging_Progress Set 2026-02-17.pdf
37_Club_for_Fitness_Metairie,Club 4 Fitness - Metairie Veterans - Drawings - 2025-10-24.pdf,23.4,2,TAKEOFF_Club 4 Fitness - Metairie Veterans - Drawings - 2025-10-24.pdf | Club 4 Fitness - Metairie Veterans - Drawings - 2025-10-24.pdf
38_OLGMC_GME_Phase_2,20251016_20719248_01_GME_Phase2_Bid_Drawings.pdf,14.2,2,Takeoff_Mech_20251016_20719248_01_GME_Phase2_Bid_Drawings_Triune.pdf | 20251016_20719248_01_GME_Phase2_Bid_Drawings.pdf
39_Ochsner_Cath_Lab_1_Renovation_BR,ochsner-oneal-ccl1-cds-20.pdf,15.1,2,TAKEOFF_ochsner-oneal-ccl1-cds-20.pdf | ochsner-oneal-ccl1-cds-20.pdf
40_Ochsner_Health_Center_Kaplan,24-023_Ochsner_Abrom_Kaplan_Health_Center_DD.pdf,52.9,2,Takeoff-Mech- 24-023_Ochsner_Abrom_Kaplan_Health_Center_DD.pdf | 24-023_Ochsner_Abrom_Kaplan_Health_Center_DD.pdf
41_Pelican_Commerce_Center,PELICAN COMMERCE CENTER.pdf,8.2,2,Takeoff_PELICAN COMMERCE CENTER.pdf | PELICAN COMMERCE CENTER.pdf
42_Renovation__Addition_to_Existing_Law_Library_-_AA_,Renovation & Addition to Existing Law Library - A.A. Lenoir Law Center.pdf,96.3,2,Takeoff_Renovation & Addition to Existing Law Library - A.A. Lenoir Law Center.pdf | Renovation & Addition to Existing Law Library - A.A. Lenoir Law Center.pdf
43_Bethesda_Health_Clinic,BETHESDA HEALTH CLINIC 100SS - MH.pdf,17.2,2,TAKEOFF_BETHESDA HEALTH CLINIC.pdf | BETHESDA HEALTH CLINIC 100SS - MH.pdf
44_Bridal_Oaks_Estate,Bridal Oaks Estate - Venue.pdf,2.2,6,Schedule_Bridal Oaks Estate - Chapel.pdf | Schedule_Bridal Oaks Estate - Venue.pdf | Takeoff_Bridal Oaks Estate - Chapel.pdf | Takeoff_Bridal Oaks Estate - Venue.pdf | Bridal Oaks Estate - Chapel.pdf | Bridal Oaks Estate - Venue.pdf
45_Oasis_of_Sanger,1_Oasis At Sanger_Stamped_Building Plan.pdf.pdf,68.7,2,TAKEOFF_Oasis At Sanger_Stamped_Building Plan.pdf | 1_Oasis At Sanger_Stamped_Building Plan.pdf.pdf
46_Parallel_Apartments_-_Waco,Waco - Mechanical APT - Marked.pdf,16.0,2,Takeoff_Parallel Apartments - Waco.pdf | Waco - Mechanical APT - Marked.pdf
47_Ponderosa_at_Lemon_Creek,Ponderosa at Lemon Creek.pdf,46.1,2,Takeoff_Ponderosa at Lemon Creek.pdf | Ponderosa at Lemon Creek.pdf
48_Springhill_Townplace_Phase_2_-_Greenville,Phase 2 - TownePlace - Mech FP - NEW.pdf,15.4,2,Takeoff_Phase 2-TownePlace.pdf | Phase 2 - TownePlace - Mech FP - NEW.pdf
49_The_Reserve_at_Kilgore,Kilgore - Reserve - MECH - Marked.pdf,23.4,2,Takeoff_Kilgore - Reserve - MECH - Marked.pdf | Kilgore - Reserve - MECH - Marked.pdf
50_Air_Products_Blue_Energy_Project,CCB Mechanical Combined.pdf,15.6,12,TAKEOFF_Admin Mechanical Combined.pdf | TAKEOFF_CCB Mechanical Combined.pdf | TAKEOFF_Chemical Storage Mechanical Combined.pdf | TAKEOFF_Maint Mechanical Combined.pdf | TAKEOFF_Security Mechanical Combined.pdf | TAKEOFF_Warehouse Mechanical Combined.pdf | Admin Mechanical Combined.pdf | CCB Mechanical Combined.pdf | Chemical Storage Mechanical Combined.pdf | Maint Mechanical Combined.pdf | Security Mechanical Combined.pdf | Warehouse Mechanical Combined.pdf
51_Capital_One_Minden,Capital One Minden HVAC Replacement Plans.pdf,15.6,2,Takeoff_Capital One Minden.pdf | Capital One Minden HVAC Replacement Plans.pdf
52_DRH_Lafayette_West_Office,2025.11.05 DRH LA WEST OFFICE_PERMIT-BID SET.pdf,88.1,2,Takeoff- DRH LA WEST OFFICE_PERMIT-BID SET.pdf | 2025.11.05 DRH LA WEST OFFICE_PERMIT-BID SET.pdf
53_MF_Office_Building,M&F_Permit Set_Mechanical.pdf,3.2,2,Takeoff_M&F Office Building.pdf | M&F_Permit Set_Mechanical.pdf
54_Renovation_of_George_T_Madison_Hall_-_LA_Tech,2025-10-08 FP&C 19-625-22-01 GTM DRAWINGS.ywa 2022-16.pdf,59.0,2,Takeoff-Mech-2025-10-08 FP&C 19-625-22-01 GTM DRAWINGS.pdf | 2025-10-08 FP&C 19-625-22-01 GTM DRAWINGS.ywa 2022-16.pdf
55_Terrebonne_High_School_Renovations,22100-A_20251103_THS_MainBldg_100%Plans_Vol-2_SECURE.pdf,67.3,10,Takeoff-Mech  22100-C_20251103_THS_BandBldg_100%Plans_SECURE.pdf | Takeoff-Mech  22100-E_20251103_THS_WestStadium_100%Plans_SECURE.pdf | Takeoff-Mech__22100-D_20251103_THS_EastStadium_100Plans_SECURE_Triune.pdf | TAKEOFF_22100-A_20251103_THS_MainBldg_100%Plans_Vol-2_SECURE.pdf | Takeoff_SS22100-B_20251103_THS_SpectatorGym_100Plans_SECURE.pdf | 22100-A_20251103_THS_MainBldg_100%Plans_Vol-2_SECURE.pdf | 22100-B_20251103_THS_SpectatorGym_100%Plans_SECURE.pdf | 22100-C_20251103_THS_BandBldg_100%Plans_SECURE.pdf | 22100-D_20251103_THS_EastStadium_100%Plans_SECURE.pdf | 22100-E_20251103_THS_WestStadium_100%Plans_SECURE.pdf
56_The_Best_Stop_Plant_Expansion,BEST STOP PLANT EXPANSION - BID SET.pdf,28.2,2,Takeoff_BEST STOP PLANT EXPANSION - BID SET.pdf | BEST STOP PLANT EXPANSION - BID SET.pdf
57_04-12-2025_Plaza_Alegre,Plaza Alegre - Mech dwgs.pdf,2.8,2,TAKEOFF_Plaza Alegre - Mech dwgs.pdf | Plaza Alegre - Mech dwgs.pdf
58_1692-New_Hickory_HVAC_Knape_102176-PWJ,New Hickory - Mechanical - 100% IFR Set - Rev 01.pdf,0.8,2,TAKEOFF_New Hickory - Mechanical - 100% IFR Set - Rev 01.pdf | New Hickory - Mechanical - 100% IFR Set - Rev 01.pdf
59_19-12-2025_HMWB_HAR_-_PO_ENT_-_Suite_205,Mech-10_-_HM_WB_HAR_-_PO_ENT_-_Suite_205_-_Issue_For_Construction.pdf,3.2,2,TAKEOFF_Mech-10_-_HM_WB_HAR_-_PO_ENT_-_Suite_205_-_Issue_For_Construction.pdf | Mech-10_-_HM_WB_HAR_-_PO_ENT_-_Suite_205_-_Issue_For_Construction.pdf
60_23-12-2025_Safelite_Deer_Park,Mech-Safelite (Deer Park).pdf,1.5,2,Takeoff_Mech-Safelite (Deer Park).pdf | Mech-Safelite (Deer Park).pdf
61_23-12-2025_Smoky_Mos,Pages from SmokeyMo's-100_Progress-051925.pdf,7.2,3,Takeoff_SmokeyMo's-100_Progress-051925.pdf | Pages from SmokeyMo's-100_Progress-051925.pdf | Pages from SmokeyMo's-100_Progress-051925_annotated.pdf
62_30-12-2025_Lulac_-_C60_Clubhouse_historical,plan 12.18.2025_C60_Clubhouse_IFP .pdf,167.1,2,TAKEOFF_C60_Clubhouse_IFP.pdf | plan 12.18.2025_C60_Clubhouse_IFP .pdf
63_30-12-25_HHH_Northwest_Cafe_Renovation_and_Sips_Re,HCA_NW_Cafe_Renovation_-_Complete_Set.pdf,17.6,4,TAKEOFF_HCA_NW_Cafe_Renovation_-_Complete_Set.pdf | TAKEOFF_HCA_NW_Sips_Retail_-_Complete_Set.pdf | HCA_NW_Cafe_Renovation_-_Complete_Set.pdf | HCA_NW_Sips_Retail_-_Complete_Set.pdf
64_Academy_-_Corpus_Christi,26002 ~ ASMEP Bid Set 12.08.25_Redacted.pdf,1.2,2,TAKEOFF_26002 ~ ASMEP Bid Set 12.08.25_Redacted.pdf | 26002 ~ ASMEP Bid Set 12.08.25_Redacted.pdf
65_Exxon_STH_HTX_Terminal_Ctrl_Blg_Knape_101960-PWJ,Exxon STH HTX Terminal Ctrl Blg.pdf,2.1,2,TAKEOFF_Exxon STH HTX Terminal Ctrl Blg.pdf | Exxon STH HTX Terminal Ctrl Blg.pdf
66_Flour_Mill,Flour Mill Mechs.pdf,15.7,2,TAKEOFF_Flour Mill Mechs.pdf | Flour Mill Mechs.pdf
67_Goodwin_House,Goodwin House Mechs (1).pdf,24.9,2,Takeoff_Goodwin House Mechs (1).pdf | Goodwin House Mechs (1).pdf
68_RFQ_HCESD_60_Knape_102154-PWJ,22503409_drawings_v03_addendum 1.pdf,5.3,2,Takeoff_RFQ HCESD 60= Knape 102154-PWJ.pdf | 22503409_drawings_v03_addendum 1.pdf
69_Reserve_at_Strathmore,2025-08-19 - Strathmore Reserve - MEP VE Set - Mech.pdf,67.6,2,TAKEOFF- Strathmore Reserve - MEP VE Set - Mech.pdf | 2025-08-19 - Strathmore Reserve - MEP VE Set - Mech.pdf
70_Tempo_By_Hilton_-_Hotel,25-00277ND-9-Mech 75_ 11-6-25.pdf,20.9,2,TAKEOFF_ND-9-Mech 75_ 11-6-25.pdf | 25-00277ND-9-Mech 75_ 11-6-25.pdf
71_04-11-2025_Mavis_Tires__Breaks,MAVIS TIRES & BRAKES - Spring TX Mech Plans.pdf,1.6,2,Takeoff_Mavis Tires & Breaks.pdf | MAVIS TIRES & BRAKES - Spring TX Mech Plans.pdf
72_04-11-2025_Rice_University_Moody_Center,Rice University Moody Center.pdf,10.3,2,Takeoff_Rice University Moody Center.pdf | Rice University Moody Center.pdf
73_04-11-2025_new_office,Office Building Mec Plans.pdf,1.5,2,Takeoff_Office Building.pdf | Office Building Mec Plans.pdf
74_07-11-2025_Harris_Health_Ben_Taub_Radiographic_Equ,Harris Health Ben Taub Radiographic Equip Replacement.pdf,1.3,2,TAKEOFF_ Harris Health Ben Taub Radiographic Equip Replacement.pdf | Harris Health Ben Taub Radiographic Equip Replacement.pdf
75_08-11-2025_Seamless_Storage,"Seamless Storage @ MLK - Austin, TX.pdf",2.9,2,"Takeoff_Seamless Storage.pdf | Seamless Storage @ MLK - Austin, TX.pdf"
76_22-11-2025_Metal_Building_Extension,Piping Technology Shop Extension MECH Plans.pdf,1.8,2,Takeoff-ping Technology Shop Extension MECH Plans.pdf | Piping Technology Shop Extension MECH Plans.pdf
77_25-11-2025_HM_CL_-_MOB_4_-_PO_Admin_-_Suite_580,HM CL - MOB 4 - PO Admin - Suite 580.pdf,2.5,2,Takeoff_HM CL - MOB 4 - PO Admin - Suite 580.pdf | HM CL - MOB 4 - PO Admin - Suite 580.pdf
78_25-11-2025_Phase_Plan_HMWB_Centerfield_Level_2__DD,Phase Plan HMWB Centerfield Level 2.pdf,3.6,2,Takeoff_Phase Plan HMWB Centerfield Level 2.pdf | Phase Plan HMWB Centerfield Level 2.pdf
79_26-11-2025_Harris_County_Swift_Water_Rescue_Traini,REVISED SWIFT WATER 50_ CD SET 11.11.2025.pdf,0.8,2,TAKEOFF_ REVISED SWIFT WATER 50_ CD SET 11.11.2025.pdf | REVISED SWIFT WATER 50_ CD SET 11.11.2025.pdf
80_26-11-2025_MH_SW-MEIC_Southwest_IR,Combined MHSW_IR Exchange Drawings.pdf,28.0,2,TAKEOFF_Combined MHSW_IR Exchange Drawings.pdf | Combined MHSW_IR Exchange Drawings.pdf
81_AEP_Pompano_Stn_RFQ_Knape_101842-PWJ,AEP Pompano - Mechanical & Electrical - 100% IFR Set - Rev 01 (3).pdf,1.6,2,Takeoff- AEP Pompano - Mechanical & Electrical - 100% IFR Set - Rev 01 (3).pdf | AEP Pompano - Mechanical & Electrical - 100% IFR Set - Rev 01 (3).pdf
82_Brakes_Plus_-_Belton,25135 ~ Civil + ASMEP Bid Set_Redacted.pdf,11.7,2,Takeoff_Brakes Plus - Belton.pdf | 25135 ~ Civil + ASMEP Bid Set_Redacted.pdf
83_Brakes_Plus_-_Bonham,25137 ~ Civil + ASMEP Bid Set_Redacted.pdf,14.3,2,Takeoff_Brakes Plus - Bonham.pdf | 25137 ~ Civil + ASMEP Bid Set_Redacted.pdf
84_Crunch_Fitness_-_Austin,"9-16-25 - Austin, TX (Hana World) - Pre-Delta Permit Set - Combined Set.pdf",5.7,2,"TAKEOFF_ Austin, TX (Hana World) - Pre-Delta Permit Set - Combined Set.pdf | 9-16-25 - Austin, TX (Hana World) - Pre-Delta Permit Set - Combined Set.pdf"
85_Downsville_Pike_Elementary,Mechanical (6).pdf,8.7,2,Takeoff-Downsville Pike Elementary.pdf | Mechanical (6).pdf
86_11-11-2025_Magnolia_self_storage,mangolia storage.pdf,5.6,2,TAKEOFF_mangolia storage.pdf | mangolia storage.pdf
87_11-12-2025-Sonangol_Marine_Services_Office_Build-O,mangolia storage.pdf,5.6,2,TAKEOFF_mangolia storage.pdf | mangolia storage.pdf
88_12-11-2025_15600_JFK_ITB,GSA - TSA Houston Addendum 1 COMBINED.pdf,15.7,2,Takeoff- GSA - TSA Houston Addendum 1 COMBINED.pdf | GSA - TSA Houston Addendum 1 COMBINED.pdf
89_12-11-2025_DXD_Corrolton,"DXD Carollton Storage - Carrollton, TX.pdf",2.2,2,"TAKEOFF_DXD Carollton Storage - Carrollton, TX.pdf | DXD Carollton Storage - Carrollton, TX.pdf"
90_12-11-2025_QT_4004,82_4004_MECH_B8_Addendas.pdf,6.1,2,TAKEOFF_ QT 4004.pdf | 82_4004_MECH_B8_Addendas.pdf
91_12-11-2025_Southwestern_University_Field,"Southwestern University- Field House- Georgetown, TX.pdf",12.2,2,"TAKEOFF_Southwestern University- Field House- Georgetown, TX.pdf | Southwestern University- Field House- Georgetown, TX.pdf"
92_13-11-2025_Collins_Self_Storage,"Collins Self Storage - Arlington, TX.pdf",16.7,2,"TAKEOFF_ Collins Self Storage - Arlington, TX.pdf | Collins Self Storage - Arlington, TX.pdf"
93_14-11-2025_SPD_Renovation_-_Waco,SPD Renovation - Waco.pdf,1.5,2,TAKEOFF_SPD Renovation - Waco.pdf | SPD Renovation - Waco.pdf
94_15-11-2025_CCISD_Multi_Campus_Priority_Repairs,CCISD Multi Campus Priority Repairs.pdf,1.4,2,Takeoff_CCISD Multi Campus Priority Repairs.pdf | CCISD Multi Campus Priority Repairs.pdf
95_20-11-2025_North_West_Houston_Heart_-_Surgery_Cent,Heart and Vascular Surgery Center - Full Set - Rev 1 City Comments.pdf,2.9,2,TAKEOFF_Heart and Vascular Surgery Center - Full Set - Rev 1 City Comments.pdf | Heart and Vascular Surgery Center - Full Set - Rev 1 City Comments.pdf
96_05-11-2025_Heil_of_Texas_Crosby,125173 EDCO Heil of Texas - Sealed Mechanical Drawings.pdf,1.0,2,TAKEOFF_EDCO Heil of Texas - Sealed Mechanical Drawings.pdf | 125173 EDCO Heil of Texas - Sealed Mechanical Drawings.pdf
97_08-11-2025_Shannon_Pumping_Plant,Shannon Pumping Plant.pdf,2.1,2,Takeoff_Shannon Pumping Plant.pdf | Shannon Pumping Plant.pdf
98_08-11-2025_Texas_Roadhouse_-_Bastrop_TX,"Texas Road House - Bastrop, TX .pdf",6.4,2,"Takeoff_Texas RoadHouse.pdf | Texas Road House - Bastrop, TX .pdf"
99_10-11-2025-Crescent_ASC,Crescent ASC Mechanical 22.pdf,6.2,2,TAKEOFF_Crescent ASC Mechanical 22.pdf | Crescent ASC Mechanical 22.pdf
sample_4.10.26 Woodbridge HS Modernization - Bldg J & K,4.13.26 Woodbridge HS Modernization - Bldg J & K.pdf,6.7,5,Schedule_Woodbridge HS Modernization - Bldg J & K.pdf | Takeoff_Woodbridge HS Modernization - Bldg J & K.pdf | 4.13.26 Woodbridge HS Modernization - Bldg J & K (RCP).pdf | 4.13.26 Woodbridge HS Modernization - Bldg J & K (specs).pdf | 4.13.26 Woodbridge HS Modernization - Bldg J & K.pdf
sample_4.11.26 Total Wine & More - Store #1149,4.13.26 Total Wine & More - Store #1149.pdf,22.0,3,Schedule_Total Wine & More - Store #1149.pdf | Takeoff_Total Wine & More - Store #1149.pdf | 4.13.26 Total Wine & More - Store #1149.pdf
sample_4.13.26 AALRR - Citrus Tower,4.15.26 AALRR - Citrus Tower.pdf,5.6,3,Schedule_AALRR - Citrus Tower.pdf | Takeoff_AALRR - Citrus Tower.pdf | 4.15.26 AALRR - Citrus Tower.pdf
sample_4.13.26 Building Improvement - 640 N Sepulveda Blvd (Ph3 & Ph4),Takoeff_Building Improvement - 640 N Sepulveda Blvd  (Ph3).pdf,1.2,6,Schdule_Building Improvement - 640 N Sepulveda Blvd  (Ph3).pdf | Schedule_Building Improvement - 640 N Sepulveda Blvd  (Ph4).pdf | Takeoff_Building Improvement - 640 N Sepulveda Blvd  (Ph4).pdf | Takoeff_Building Improvement - 640 N Sepulveda Blvd  (Ph3).pdf | 4.14.26 Building Improvement - 640 N Sepulveda Blvd  (Ph3).pdf | 4.14.26 Building Improvement - 640 N Sepulveda Blvd  (Ph4).pdf
sample_4.13.26 Erewhon - Pacific Palisades,4.15.26 Erewhon - Pacific Palisades.pdf,6.0,4,Schedule_Erewhon - Pacific Palisades.pdf | Takeoff_Erewhon - Pacific Palisades.pdf | 4.15.26 Erewhon - Pacific Palisades (RCP).pdf | 4.15.26 Erewhon - Pacific Palisades.pdf
sample_4.13.26 Rady's Children - Temecula Plaza,4.14.26 Rady's Children - Temecula Plaza.pdf,5.4,3,Schedule_Rady's Children - Temecula Plaza.pdf | Takeoff_Rady's Children - Temecula Plaza.pdf | 4.14.26 Rady's Children - Temecula Plaza.pdf
sample_4.13.26 Skytron Modern Aviation Bldg B TI,4.14.26 Skytron Modern Aviation Bldg B TI.pdf,1.8,3,Schedule_Skytron Modern Aviation Bldg B TI.pdf | Takeoff_Skytron Modern Aviation Bldg B TI.pdf | 4.14.26 Skytron Modern Aviation Bldg B TI.pdf
sample_4.13.26 The Bungalow - San Diego,4.14.26 The Bungalow - San Diego.pdf,4.6,3,Schedule_The Bungalow - San Diego.pdf | Takeoff_The Bungalow - San Diego.pdf | 4.14.26 The Bungalow - San Diego.pdf
sample_4.14.26 BMO Santee CA De Novo 2026 Reno,4.16.26 BMO Santee CA De Novo 2026 Reno.pdf,3.5,4,Schedule_BMO Santee CA De Novo 2026 Reno.pdf | Takeoff_BMO Santee CA De Novo 2026 Reno.pdf | 4.16.26 BMO Santee CA De Novo 2026 Reno (RCP).pdf | 4.16.26 BMO Santee CA De Novo 2026 Reno.pdf
sample_4.14.26 Fendi - Fashion Valley,Takeoff_Fendi - Fashion Valley.pdf,5.7,2,Schedule_Fendi - Fashion Valley.pdf | Takeoff_Fendi - Fashion Valley.pdf
sample_4.14.26 Saint Mary's Stadium Clubhouse,4.15.26 Saint Mary's Stadium Clubhouse.pdf,2.4,4,Schedule_Saint Mary's Stadium Clubhouse.pdf | Takeoff_Saint Mary's Stadium Clubhouse.pdf | 4.15.26 Saint Mary's Stadium Clubhouse (specs).pdf | 4.15.26 Saint Mary's Stadium Clubhouse.pdf
sample_4.14.26 ScanHealth - Cerritos,4.16.26 Scanhealth - Cerritos.pdf,12.4,3,Schedule_Scanhealth - Cerritos.pdf | Takeoff_Scanhealth - Cerritos.pdf | 4.16.26 Scanhealth - Cerritos.pdf
sample_4.15.26 9020 Aviation,4.17.26 9020 Aviation.pdf,2.8,3,Schedule_9020 Aviation.pdf | Takeoff_9020 Aviation.pdf | 4.17.26 9020 Aviation.pdf
sample_4.15.26 Free People - 6300 W. 3rd Street,4.16.26 Free People - 6300 W. 3rd Street.pdf,2.1,3,Schedule_Free People - 6300 W. 3rd Street.pdf | Takeoff_Free People - 6300 W. 3rd Street.pdf | 4.16.26 Free People - 6300 W. 3rd Street.pdf
sample_4.15.26 Ontario Museum Of History & Art - North Gallery,4.16.26 Ontario Museum Of History & Art - North Gallery.pdf,25.5,4,Schedule_Ontario Museum Of History & Art - North Gallery.pdf | Takeoff_Ontario Museum Of History & Art - North Gallery.pdf | 4.16.26 Ontario Museum Of History & Art - North Gallery (specs).pdf | 4.16.26 Ontario Museum Of History & Art - North Gallery.pdf
sample_4.16.26 Best RV Turlock,4.17.26 Best RV Turlock.pdf,3.9,3,Schedule_Best RV Turlock.pdf | Takeoff_Best RV Turlock.pdf | 4.17.26 Best RV Turlock.pdf
sample_4.16.26 Harbor Freight - Napa,4.17.26 Harbor Freight - Napa.pdf,3.0,3,Schedule_Harbor Freight - Napa.pdf | Takeoff_Harbor Freight - Napa.pdf | 4.17.26 Harbor Freight - Napa.pdf
sample_4.16.26 JPMC One Paseo 2nd Floor Expansion,4.17.26 JPMC One Paseo 2nd Floor Expansion (Suite 220).pdf,9.7,4,Takeoff_JPMC One Paseo 2nd Floor Expansion (Suite 210).pdf | Takeoff_JPMC One Paseo 2nd Floor Expansion (Suite 220).pdf | 4.17.26 JPMC One Paseo 2nd Floor Expansion (Suite 210).pdf | 4.17.26 JPMC One Paseo 2nd Floor Expansion (Suite 220).pdf
sample_4.16.26 OSI Irvine Relocation (OSI Pacifica),4.16.26 OSI Irvine Relocation (OSI Pacifica).pdf,9.9,3,Schedule_OSI Irvine Relocation (OSI Pacifica).pdf | Takeoff_OSI Irvine Relocation (OSI Pacifica).pdf | 4.16.26 OSI Irvine Relocation (OSI Pacifica).pdf
sample_4.16.26 TVUSD Temecula ES Renovation,4.17.26 TVUSD Temecula ES Renovation.pdf,4.8,4,Schedule_TVUSD Temecula ES Renovation.pdf | Takeoff_TVUSD Temecula ES Renovation.pdf | 4.17.26 TVUSD Temecula ES Renovation (specs).pdf | 4.17.26 TVUSD Temecula ES Renovation.pdf
sample_4.16.26 Zion Market - Shell Improvements,4.17.26 Zion Market - Shell Improvements.pdf,7.9,3,Schedule_Zion Market - Shell Improvements.pdf | Takeoff_Zion Market - Shell Improvements.pdf | 4.17.26 Zion Market - Shell Improvements.pdf
sample_4.17.26 Bradley Terraces - Skilled Nursing Facility,4.20.26 Bradley Terraces - Skilled Nursing Facility.pdf,9.9,3,Schedule_Bradley Terraces - Skilled Nursing Facility.pdf | Takeoff_Bradley Terraces - Skilled Nursing Facility.pdf | 4.20.26 Bradley Terraces - Skilled Nursing Facility.pdf
sample_4.17.26 LBUSD Stevenson ES,4.20.26 LBUSD Stevenson ES.pdf,7.7,4,Schedule_LBUSD Stevenson ES.pdf | Takeoff_LBUSD Stevenson ES.pdf | 4.20.26 LBUSD Stevenson ES (specs).pdf | 4.20.26 LBUSD Stevenson ES.pdf
sample_4.18.26 Acushnet Bldg 1 TI,4.20.26 Acushnet Bldg 1 TI.pdf,3.4,3,Schedule_Acushnet Bldg 1 TI.pdf | Takeoff_Acushnet Bldg 1 TI.pdf | 4.20.26 Acushnet Bldg 1 TI.pdf
sample_4.18.26 UCLA Health Oncology TI,4.20.26 UCLA Health Oncology TI.pdf,5.3,3,Schedule_UCLA Health Oncology TI.pdf | Takeoff_UCLA Health Oncology TI.pdf | 4.20.26 UCLA Health Oncology TI.pdf
sample_4.21.26 Anaheim 82,4.22.26 Anaheim 82.pdf,1.6,3,Schedule_Anaheim 82.pdf | Takeoff_Anaheim 82.pdf | 4.22.26 Anaheim 82.pdf
sample_4.21.26 Autry Museum Of The American West - Cafe And Kitchen,4.22.26 Autry Museum Of The American West - Cafe.pdf,8.8,6,Schedule_Autry Museum Of The American West - Cafe.pdf | Schedule_Autry Museum Of The American West - Kitchen.pdf | Takeoff_Autry Museum Of The American West - Cafe.pdf | Takeoff_Autry Museum Of The American West - Kitchen.pdf | 4.22.26 Autry Museum Of The American West - Cafe.pdf | 4.22.26 Autry Museum Of The American West - Kitchen.pdf
sample_4.21.26 Space Shuttle Exhibit And Education Bldg,4.22.26 Space Shuttle Exhibit And Education Bldg.pdf,1.6,3,Schedule_Space Shuttle Exhibit And Education Bldg.pdf | Takeoff_Space Shuttle Exhibit And Education Bldg.pdf | 4.22.26 Space Shuttle Exhibit And Education Bldg.pdf
sample_4.22.26 29th Street Apartments,4.23.26 29th Street Apartments.pdf,4.9,3,Schedule_29th Street Apartments.pdf | Takeoff_29th Street Apartments.pdf | 4.23.26 29th Street Apartments.pdf
