project,product,team_qty,our_qty,match_qty,over,under
5.12.26 Crunch Fitness - Visalia,FAN,0,13,0,13,0
5.12.26 Crunch Fitness - Visalia,NEW EXHAUST FAN,4,0,0,0,4
5.12.26 Crunch Fitness - Visalia,AD-SURF SUPPLY,28,0,0,0,28
5.12.26 Crunch Fitness - Visalia,AD-GRD,0,93,0,93,0
5.12.26 Crunch Fitness - Visalia,DAMPER WITH TAP,0,1,0,1,0
5.12.26 Crunch Fitness - Visalia,AD-SURF RETURN,26,0,0,0,26
5.12.26 Crunch Fitness - Visalia,MOTORIZED DAMPER,0,2,0,2,0
5.12.26 Crunch Fitness - Visalia,AD-T-BAR SUPPLY,37,4,4,0,33
5.12.26 Crunch Fitness - Visalia,AIR CURTAIN,2,0,0,0,2
5.12.26 Crunch Fitness - Visalia,AD-T-BAR RETURN,26,0,0,0,26
5.12.26 Crunch Fitness - Visalia,VENT CAP,1,0,0,0,1
5.12.26 Crunch Fitness - Visalia,MANUAL VOLUME DAMPER,0,5,0,5,0
5.12.26 Dick's House Of Sports,FAN,2,3,2,1,0
5.12.26 Dick's House Of Sports,HEATER,4,0,0,0,4
5.12.26 Dick's House Of Sports,AD-SURF SUPPLY,51,8,8,0,43
5.12.26 Dick's House Of Sports,AD-GRD,0,58,0,58,0
5.12.26 Dick's House Of Sports,DAMPER WITH TAP,0,1,0,1,0
5.12.26 Dick's House Of Sports,AD-SURF RETURN,37,0,0,0,37
5.12.26 Dick's House Of Sports,MOTORIZED DAMPER,0,5,0,5,0
5.12.26 Dick's House Of Sports,POWER EXHAUST FAN,1,0,0,0,1
5.12.26 Dick's House Of Sports,AD-T-BAR SUPPLY,9,0,0,0,9
5.12.26 Dick's House Of Sports,FIRE SMOKE DAMPER,0,1,0,1,0
5.12.26 Dick's House Of Sports,LOUVER,0,13,0,13,0
5.12.26 Dick's House Of Sports,AIR CURTAIN,1,0,0,0,1
5.12.26 Dick's House Of Sports,AD-T-BAR RETURN,7,0,0,0,7
5.12.26 Dick's House Of Sports,ELECTRIC BASEBOARD HEATER,2,0,0,0,2
5.12.26 Dick's House Of Sports,MANUAL VOLUME DAMPER,0,16,0,16,0
5.12.26 Dick's House Of Sports,FIRE DAMPER,1,0,0,0,1
5.12.26 Golf Galaxy - Rancho Temecula Town Center,FAN,5,5,5,0,0
5.12.26 Golf Galaxy - Rancho Temecula Town Center,HEATER,0,1,0,1,0
5.12.26 Golf Galaxy - Rancho Temecula Town Center,AD-SURF SUPPLY,21,8,8,0,13
5.12.26 Golf Galaxy - Rancho Temecula Town Center,AD-GRD,0,47,0,47,0
5.12.26 Golf Galaxy - Rancho Temecula Town Center,AD-SURF RETURN,26,2,2,0,24
5.12.26 Golf Galaxy - Rancho Temecula Town Center,AD-T-BAR SUPPLY,5,0,0,0,5
5.12.26 Golf Galaxy - Rancho Temecula Town Center,LOUVER,0,1,0,1,0
5.12.26 Golf Galaxy - Rancho Temecula Town Center,MANUAL VOLUME DAMPER,0,1,0,1,0
5.12.26 Golf Galaxy - Rancho Temecula Town Center,AD-T-BAR RETURN,3,0,0,0,3
5.12.26 Golf Galaxy - Rancho Temecula Town Center,VENT CAP,0,1,0,1,0
5.12.26 Golf Galaxy - Rancho Temecula Town Center,FAN COIL UNIT,0,1,0,1,0
5.12.26 Golf Galaxy - Rancho Temecula Town Center,FIRE DAMPER,0,2,0,2,0
5.12.26 Rivian - Santa Ana,FAN,0,9,0,9,0
5.12.26 Rivian - Santa Ana,EXHAUST FAN,2,3,2,1,0
5.12.26 Rivian - Santa Ana,DUCT HEATER,2,0,0,0,2
5.12.26 Rivian - Santa Ana,HEATER,0,1,0,1,0
5.12.26 Rivian - Santa Ana,CIRCULATION FAN,7,0,0,0,7
5.12.26 Rivian - Santa Ana,DAMPER WITH TAP,0,1,0,1,0
5.12.26 Rivian - Santa Ana,AD-SURF RETURN,18,0,0,0,18
5.12.26 Rivian - Santa Ana,AD-T-BAR RETURN,5,2,2,0,3
5.12.26 Rivian - Santa Ana,SUPPLY FAN,2,0,0,0,2
5.12.26 Rivian - Santa Ana,VENT CAP,0,2,0,2,0
5.12.26 Rivian - Santa Ana,FIRE DAMPER,0,1,0,1,0
5.12.26 Rivian - Santa Ana,AD-SURF SUPPLY,16,7,7,0,9
5.12.26 Rivian - Santa Ana,HOOD,3,0,0,0,3
5.12.26 Rivian - Santa Ana,AD-GRD,0,106,0,106,0
5.12.26 Rivian - Santa Ana,ELECTRIC CEILING HEATER,7,0,0,0,7
5.12.26 Rivian - Santa Ana,MOTORIZED DAMPER,4,0,0,0,4
5.12.26 Rivian - Santa Ana,AD-T-BAR SUPPLY,9,3,3,0,6
5.12.26 Rivian - Santa Ana,FIRE SMOKE DAMPER,0,1,0,1,0
5.12.26 Rivian - Santa Ana,LOUVER,1,1,1,0,0
5.12.26 Rivian - Santa Ana,MANUAL VOLUME DAMPER,0,2,0,2,0
5.12.26 Sephora - Third Street Promenade,FAN,2,2,2,0,0
5.12.26 Sephora - Third Street Promenade,AD-SURF SUPPLY,54,0,0,0,54
5.12.26 Sephora - Third Street Promenade,AD-GRD,0,57,0,57,0
5.12.26 Sephora - Third Street Promenade,DAMPER WITH TAP,0,1,0,1,0
5.12.26 Sephora - Third Street Promenade,AD-SURF RETURN,7,0,0,0,7
5.12.26 Sephora - Third Street Promenade,FIRE SMOKE DAMPER,6,1,1,0,5
5.12.26 Sephora - Third Street Promenade,AD-T-BAR RETURN,0,1,0,1,0
5.12.26 Sephora - Third Street Promenade,MANUAL VOLUME DAMPER,0,1,0,1,0
5.13.26 T&T Supermarket - The Canopy At Great Park,FAN,17,9,9,0,8
5.13.26 T&T Supermarket - The Canopy At Great Park,HEATER,1,0,0,0,1
5.13.26 T&T Supermarket - The Canopy At Great Park,EXHAUST FAN,0,5,0,5,0
5.13.26 T&T Supermarket - The Canopy At Great Park,AD-SURF RETURN,1,3,1,2,0
5.13.26 T&T Supermarket - The Canopy At Great Park,AD--SURF RETURN,3,0,0,0,3
5.13.26 T&T Supermarket - The Canopy At Great Park,HOOD FAN,9,0,0,0,9
5.13.26 T&T Supermarket - The Canopy At Great Park,AIR CURTAIN,2,0,0,0,2
5.13.26 T&T Supermarket - The Canopy At Great Park,AD-T-BAR RETURN,15,0,0,0,15
5.13.26 T&T Supermarket - The Canopy At Great Park,FIRE DAMPER,0,1,0,1,0
5.13.26 T&T Supermarket - The Canopy At Great Park,DAMPER,10,0,0,0,10
5.13.26 T&T Supermarket - The Canopy At Great Park,AD-SURF SUPPLY,67,3,3,0,64
5.13.26 T&T Supermarket - The Canopy At Great Park,AD-GRD,0,18,0,18,0
5.13.26 T&T Supermarket - The Canopy At Great Park,AIR HANDLING UNIT,0,3,0,3,0
5.13.26 T&T Supermarket - The Canopy At Great Park,AD-T-BAR SUPPLY,32,6,6,0,26
5.13.26 T&T Supermarket - The Canopy At Great Park,SPLIT SYSTEM,0,1,0,1,0
5.13.26 T&T Supermarket - The Canopy At Great Park,LOUVER,0,2,0,2,0
5.14.26 Emanate Health - Baldwin Park Medical Office,FAN,0,1,0,1,0
5.14.26 Emanate Health - Baldwin Park Medical Office,EXHAUST FAN,2,1,1,0,1
5.14.26 Emanate Health - Baldwin Park Medical Office,AD-SURF SUPPLY,7,2,2,0,5
5.14.26 Emanate Health - Baldwin Park Medical Office,AD-GRD,0,89,0,89,0
5.14.26 Emanate Health - Baldwin Park Medical Office,AD-SURF RETURN,5,0,0,0,5
5.14.26 Emanate Health - Baldwin Park Medical Office,AD-T-BAR SUPPLY,37,6,6,0,31
5.14.26 Emanate Health - Baldwin Park Medical Office,DESTRATIFICATION FAN,0,10,0,10,0
5.14.26 Emanate Health - Baldwin Park Medical Office,AD-T-BAR RETURN,13,4,4,0,9
5.14.26 Emanate Health - Baldwin Park Medical Office,CONDENSING UNIT,0,13,0,13,0
5.14.26 Emanate Health - Baldwin Park Medical Office,VENT CAP,1,0,0,0,1
5.14.26 Emanate Health - Baldwin Park Medical Office,MANUAL VOLUME DAMPER,0,2,0,2,0
5.15.26 Five Below - Orange,NEW ELECTRIC UNIT HEATER,1,0,0,0,1
5.15.26 Five Below - Orange,NEW EXHAUST FAN,3,0,0,0,3
5.15.26 Five Below - Orange,AD-SURF SUPPLY,10,0,0,0,10
5.15.26 Five Below - Orange,AD-GRD,0,1,0,1,0
5.15.26 Five Below - Orange,AD-SURF RETURN,19,0,0,0,19
5.15.26 Five Below - Orange,MOTORIZED DAMPER,3,0,0,0,3
5.15.26 Five Below - Orange,NEW GAS FIRED UNIT HEATER,1,0,0,0,1
5.15.26 Five Below - Orange,AD-T-BAR SUPPLY,0,1,0,1,0
5.15.26 Five Below - Orange,DESTRATIFICATION FAN,0,1,0,1,0
5.16.26 CURO Pet Care - MASH,FAN,6,0,0,0,6
5.16.26 CURO Pet Care - MASH,AD-LINEAR PLENUM 2-SLOTS,9,0,0,0,9
5.16.26 CURO Pet Care - MASH,AD-SURF SUPPLY,55,2,2,0,53
5.16.26 CURO Pet Care - MASH,MAKE-UP AIR W/ ENERGY RECOVERY UNIT,2,0,0,0,2
5.16.26 CURO Pet Care - MASH,AD-GRD,0,2,0,2,0
5.16.26 CURO Pet Care - MASH,AD-SURF RETURN,83,0,0,0,83
5.16.26 CURO Pet Care - MASH,AD-LINEAR SLOT DIFFUSER 2-SLOTS,9,0,0,0,9
5.16.26 CURO Pet Care - MASH,AIR HANDLING UNIT,0,1,0,1,0
5.16.26 CURO Pet Care - MASH,CO SENSOR,6,0,0,0,6
5.16.26 CURO Pet Care - MASH,AD-T-BAR SUPPLY,173,0,0,0,173
5.16.26 CURO Pet Care - MASH,SPLIT SYSTEM,0,4,0,4,0
5.16.26 CURO Pet Care - MASH,LOUVER,1,3,1,2,0
5.16.26 CURO Pet Care - MASH,AD-T-BAR RETURN,188,0,0,0,188
5.16.26 CURO Pet Care - MASH,VENT CAP,2,3,2,1,0
5.16.26 CURO Pet Care - MASH,MANUAL VOLUME DAMPER,0,1,0,1,0
5.19.26 AutoZone Store No. 10808,FAN,0,1,0,1,0
5.19.26 AutoZone Store No. 10808,TOILET EXHAUST FAN,4,0,0,0,4
5.19.26 AutoZone Store No. 10808,AD-SURF SUPPLY,0,1,0,1,0
5.19.26 AutoZone Store No. 10808,AD-GRD,0,91,0,91,0
5.19.26 AutoZone Store No. 10808,AD-SURF RETURN,0,1,0,1,0
5.19.26 AutoZone Store No. 10808,AD-T-BAR SUPPLY,62,3,3,0,59
5.19.26 AutoZone Store No. 10808,AD-T-BAR RETURN,16,0,0,0,16
Clearwater Polk Electric Co Op,FAN,6,0,0,0,6
Clearwater Polk Electric Co Op,HEATER,8,1,1,0,7
Clearwater Polk Electric Co Op,AD-GRD,108,5,5,0,103
Clearwater Polk Electric Co Op,AIR HANDLING UNIT,0,1,0,1,0
Clearwater Polk Electric Co Op,MOTORIZED DAMPER,1,0,0,0,1
Clearwater Polk Electric Co Op,FIRE SMOKE DAMPER,0,1,0,1,0
Clearwater Polk Electric Co Op,LOUVER,4,0,0,0,4
Clearwater Polk Electric Co Op,VENT CAP,19,5,5,0,14
Clearwater Polk Electric Co Op,FIRE DAMPER,1,0,0,0,1
Les Schwab Tire Center Watford City 5-25-26,INTAKE HOOD,4,0,0,0,4
Les Schwab Tire Center Watford City 5-25-26,FAN,6,0,0,0,6
Les Schwab Tire Center Watford City 5-25-26,PACKAGED ROOFTOP UNIT,4,0,0,0,4
Les Schwab Tire Center Watford City 5-25-26,HEATER,10,0,0,0,10
Les Schwab Tire Center Watford City 5-25-26,SPLIT SYSTEM,2,0,0,0,2
Les Schwab Tire Center Watford City 5-25-26,DESTRATIFICATION FAN,0,1,0,1,0
Les Schwab Tire Center Watford City 5-25-26,VENT CAP,14,0,0,0,14
Les Schwab Tire Center Watford City 5-25-26,AD-GRD,46,0,0,0,46
